{
  "project_info": {
    "project_number": "638995485889",
    "firebase_url": "https://mainkey-protoype-4cbaa.firebaseio.com",
    "project_id": "mainkey-protoype-4cbaa",
    "storage_bucket": "mainkey-protoype-4cbaa.appspot.com"
  },
  "client": [
    {
      "client_info": {
        "mobilesdk_app_id": "1:638995485889:android:63929b2322e2db5f",
        "android_client_info": {
          "package_name": "com.prototype.mainkey.mainkey"
        }
      },
      "oauth_client": [
        {
          "client_id": "638995485889-mtrde32gp6snhvdll65c5pavh6s2ocn7.apps.googleusercontent.com",
          "client_type": 1,
          "android_info": {
            "package_name": "com.prototype.mainkey.mainkey",
            "certificate_hash": "17edbc6918f8ce909d75671319fb0d7dcd8104cd"
          }
        },
        {
          "client_id": "638995485889-a8f270dvobo18m3bco5c8k7oq7hho9uv.apps.googleusercontent.com",
          "client_type": 3
        }
      ],
      "api_key": [
        {
          "current_key": "AIzaSyAugZbtHpFg_bRov05ILKkfIdThfEHADX4"
        }
      ],
      "services": {
        "analytics_service": {
          "status": 1
        },
        "appinvite_service": {
          "status": 2,
          "other_platform_oauth_client": [
            {
              "client_id": "638995485889-a8f270dvobo18m3bco5c8k7oq7hho9uv.apps.googleusercontent.com",
              "client_type": 3
            }
          ]
        },
        "ads_service": {
          "status": 2
        }
      }
    }
  ],
  "configuration_version": "1"
}